<?xml version="1.0" encoding="UTF-8" ?>
<!DOCTYPE mapper
        PUBLIC "-//mybatis.org//DTD Config 3.0//EN"
        "http://mybatis.org/dtd/mybatis-3-mapper.dtd">
<mapper namespace="com.hch.dao.BookMapper">
    <insert id="addBook" parameterType="Books">
        insert into ssmbuild.books(bookName, bookCounts, detail)
        values(#{bookName},#{bookCounts},#{detail});
    </insert>

    <delete id="deleteBookById" parameterType="int">
        delete from ssmbuild.books where bookID = #{bookId}
    </delete>
    
    <update id="updateBook" parameterType="Books">
        update ssmbuild.books set bookName=#{bookName},
         bookCounts=#{bookCounts},
         detail=#{detail} where bookID=#{bookID};
    </update>

    <select id="queryBookById" parameterType="Books"  resultType="com.hch.pojo.Books">
        select * from ssmbuild.books where bookID = #{bookId}
    </select>

    <select id="queryAllBook" parameterType="Books" resultType="com.hch.pojo.Books">
        select * from ssmbuild.books
    </select>

    <select id="queryBookByName" resultType="Books">
        select * from ssmbuild.books where bookName = #{bookName}
    </select>
</mapper>