<?xml version="1.0" encoding="UTF-8" ?>
<!DOCTYPE configuration
        PUBLIC "-//mybatis.org//DTD Config 3.0//EN"
        "http://mybatis.org/dtd/mybatis-3-config.dtd">
<configuration>
<!--    配置数据源 交给Spring去做-->
    <settings>
        <setting name="logImpl" value="STDOUT_LOGGING"/>
    </settings>
    <typeAliases>
        <package name="com.hch.pojo"/>
    </typeAliases>
    <mappers>
        <mapper class="com.hch.dao.BookMapper"/>
    </mappers>
</configuration>